module,official_outcome,official_error_diagnostics,official_goals,official_elapsed_seconds,patched_outcome,patched_error_diagnostics
examples.parallel_counter,passed,0,0,7.014,passed,0
examples.parallel_counter_client,timeout,0,0,120.639,passed,0
examples.parallel_counter_ghost,timeout,0,0,120.638,passed,0
examples.parallel_counter_model,passed,0,0,21.391,passed,0
examples.parallel_counter_proof,timeout,0,0,120.693,passed,0
iris.algebra.agree,passed,0,0,6.654,passed,0
iris.algebra.auth,passed,0,0,7.104,passed,0
iris.algebra.cmra,passed,0,0,6.778,passed,0
iris.algebra.coPset,passed,0,0,7.175,passed,0
iris.algebra.cofe_solver,passed,0,0,6.992,passed,0
iris.algebra.dfrac,passed,0,0,9.167,passed,0
iris.algebra.excl,passed,0,0,7.007,passed,0
iris.algebra.frac,passed,0,0,9.817,passed,0
iris.algebra.functions,passed,0,0,6.755,passed,0
iris.algebra.gmap,passed,0,0,7.3,passed,0
iris.algebra.gmap_functor,passed,0,0,7.468,passed,0
iris.algebra.gmap_updates,passed,0,0,7.331,passed,0
iris.algebra.gset,passed,0,0,6.825,passed,0
iris.algebra.lib.frac_auth,passed,0,0,10.389,passed,0
iris.algebra.lib.gmap_view,passed,0,0,10.625,passed,0
iris.algebra.lib.gmap_view_functor,passed,0,0,10.597,passed,0
iris.algebra.lib.mono_nat,passed,0,0,10.043,passed,0
iris.algebra.ofe,passed,0,0,6.808,passed,0
iris.algebra.option,passed,0,0,7.024,passed,0
iris.algebra.prod,passed,0,0,6.58,passed,0
iris.algebra.view,passed,0,0,10.097,passed,0
iris.base_logic.lib.fancy_updates,passed,0,0,20.51,passed,0
iris.base_logic.lib.fancy_updates_mask,passed,0,0,20.544,passed,0
iris.base_logic.lib.gen_heap,timeout,0,0,130.743,passed,0
iris.base_logic.lib.gfunctors,passed,0,0,7.395,passed,0
iris.base_logic.lib.ghost_map,timeout,0,0,130.754,passed,0
iris.base_logic.lib.invariants,passed,0,0,64.763,passed,0
iris.base_logic.lib.iprop,passed,0,0,9.247,passed,0
iris.base_logic.lib.mono_nat,passed,0,0,21.243,passed,0
iris.base_logic.lib.own,passed,0,0,21.93,passed,0
iris.base_logic.lib.proph_map,timeout,0,0,120.551,passed,0
iris.base_logic.lib.saved_pred,timeout,0,0,120.582,passed,0
iris.base_logic.lib.wsat,passed,0,0,25.217,passed,0
iris.base_logic.lib.wsat_alloc,passed,0,0,27.857,passed,0
iris.base_logic.lib.wsat_sigma,timeout,0,0,120.585,passed,0
iris.base_logic.notation,passed,0,0,6.779,passed,0
iris.base_logic.upred,passed,0,0,7.029,passed,0
iris.bi.big_op,passed,0,0,7.252,passed,0
iris.bi.derived_laws,passed,0,0,6.301,passed,0
iris.bi.derived_laws_later,passed,0,0,9.536,passed,0
iris.bi.interface,passed,0,0,6.171,passed,0
iris.bi.updates,passed,0,0,8.634,passed,0
iris.program_logic.adequacy,timeout,0,0,120.584,passed,0
iris.program_logic.iris_sigma,timeout,0,0,120.642,passed,0
iris.program_logic.lifting,timeout,0,0,120.583,passed,0
iris.program_logic.weakestpre,passed,0,0,24.475,passed,0
iris.proofmode.core,passed,0,0,31.324,passed,0
iris.proofmode.heap_lang,passed,0,0,62.061,passed,0
iris_deprecated.program_logic.hoare,timeout,0,0,120.581,passed,0
iris_heap_lang.lang,passed,0,0,7.053,passed,0
iris_heap_lang.lang_ectx,passed,0,0,7.614,passed,0
iris_heap_lang.lang_subst,passed,0,0,6.78,passed,0
iris_heap_lang.lib.array,passed,0,0,11.144,passed,0
iris_heap_lang.lib.spawn,passed,0,0,6.697,passed,0
iris_heap_lang.lib.spawn_proof,timeout,0,0,120.644,passed,0
iris_heap_lang.lib.syntax,passed,0,0,6.851,passed,0
stdpp.coPset,passed,0,0,6.431,passed,0
stdpp.finite_coPset,passed,0,0,7.996,passed,0
stdpp.namespaces,passed,0,0,8.78,passed,0
stdpp.pmap,passed,0,0,6.642,passed,0
tests.fact,timeout,0,0,120.546,errors,29
tests.fact.heap,passed,0,0,8.412,passed,0
tests.fact.program_logic,timeout,0,0,120.585,errors,135
tests.frac_auth,passed,0,0,11.045,passed,0
tests.generic_heap,passed,0,0,97.716,passed,0
tests.ghost_map,timeout,0,0,120.588,passed,0
tests.mono_nat,passed,0,0,20.452,passed,0
tests.notation,passed,0,0,15.786,passed,0
tests.parallel_primitives,timeout,0,0,120.58,passed,0
tests.proofmode,passed,0,0,77.357,passed,0
tests.proofmode_classes,passed,0,0,30.057,passed,0
tests.proofmode_custom_instances,passed,0,0,39.397,passed,0
tests.proofmode_env,passed,0,0,18.235,passed,0
tests.proofmode_wp_primitives,timeout,0,0,120.641,passed,0
tests.proofmode_wp_pures,passed,0,0,38.615,passed,0
tests.prophecy,timeout,0,0,120.643,passed,0
tests.saved_pred,passed,0,0,22.181,passed,0
